epoch,train_loss,val_loss,val_accuracy,macro_precision,macro_recall,macro_f1
1,0.44145359814167023,0.19320488864412674,0.925,0.9284412955465586,0.925,0.9245156748552334
2,0.1008057127892971,0.13457854407337996,0.955,0.955387443438914,0.9550000000000001,0.9549592264148383
3,0.03805885216221214,0.16541965062228534,0.94,0.9403328231764847,0.94,0.9395921067595041
4,0.024533635159023105,0.1107968945065155,0.9675,0.968635219223813,0.9675,0.9673584469136229
5,0.017606276371516287,0.2064942813012749,0.9425,0.9488366571699905,0.9425000000000001,0.9416778609068963
6,0.011956934200134129,0.1852241879185805,0.9525,0.9539308176100629,0.9525,0.9521502712356059
7,0.010698339028749615,0.13376929953049582,0.9625,0.9627014368500437,0.9624999999999999,0.9623236059934696
8,0.009080052477074788,0.13965767810273413,0.96,0.9600340136054422,0.9600000000000001,0.9598178747890722
9,0.0038154061080422253,0.15236072005735388,0.9575,0.9589792632373753,0.9575,0.9570337083251602
