Experiment,Augmentation,Optimizer,LR,WeightDecay,Best Val Accuracy,Best Val Loss,Precision (macro),Recall (macro),F1 (macro)
Exp11,mid,adam,0.0001,0.0001,0.975,0.09315400770551954,0.9748908329280472,0.975,0.9748596515837658
Exp1,none,adam,0.0001,0.0,0.97,0.10889677175929627,0.9712796050696423,0.97,0.9697816663356231
Exp3,strong,adam,0.0001,0.0,0.97,0.0805618136565989,0.9701766164015699,0.97,0.9697577573510741
Exp8,mid,sgd,0.01,0.0,0.9675,0.12531405228834885,0.967624864713192,0.9675,0.967310506292069
Exp10,none,adam,0.0001,0.0001,0.9675,0.1107968945065155,0.968635219223813,0.9675,0.9673584469136229
Exp12,strong,adam,0.0001,0.0001,0.9675,0.10882393285059012,0.9676732673267328,0.9675,0.9675745643641092
Exp9,strong,sgd,0.01,0.0,0.9625,0.09428982402627858,0.9637965985481971,0.9624999999999999,0.9627108041134695
Exp2,mid,adam,0.0001,0.0,0.9625,0.10562505374288705,0.9624769462240341,0.9625,0.9623550765067369
Exp7,none,sgd,0.01,0.0,0.955,0.18152534676147086,0.9567557884011308,0.9550000000000001,0.9540518346050632
Exp4,none,adam,0.001,0.0,0.95,0.18550741319687894,0.9553418803418804,0.9500000000000001,0.950294757451878
Exp6,strong,adam,0.001,0.0,0.9425,0.16642054306486478,0.9430800371907189,0.9425000000000001,0.9420314436543075
Exp5,mid,adam,0.001,0.0,0.9275,0.26966943122589815,0.9374449035812672,0.9275,0.9254124122962246
